Event Name,Event Time,Event Value (Upper limit =51km/h),Event Unit,Bus no.,Route Name,Stop Code,Stop Name,Latitude,Longitude,Marks
Idling,16.07.2018 03:05:47,180,Seconds,31,5U_Vasna - Naroda Gam_NORMAL,275,Vasna,23.002243,72.547849,0
Idling,16.07.2018 03:08:12,180,Seconds,34,6E_Narol - Odhav Talav_NORMAL,77,Narol,22.97298,72.589567,0
Idling,16.07.2018 03:08:47,180,Seconds,31,5U_Vasna - Naroda Gam_NORMAL,275,Vasna,23.002243,72.547849,0
Idling,16.07.2018 03:11:12,180,Seconds,34,6E_Narol - Odhav Talav_NORMAL,77,Narol,22.97298,72.589567,0
Idling,16.07.2018 03:12:26,180,Seconds,31,5U_Vasna - Naroda Gam_NORMAL,275,Vasna,23.002243,72.547849,0
Idling,16.07.2018 03:14:12,180,Seconds,34,6E_Narol - Odhav Talav_NORMAL,77,Narol,22.97298,72.589567,0
Idling,16.07.2018 03:15:26,180,Seconds,31,5U_Vasna - Naroda Gam_NORMAL,275,Vasna,23.002243,72.547849,0
Idling,16.07.2018 03:17:12,180,Seconds,34,6E_Narol - Odhav Talav_NORMAL,77,Narol,22.97298,72.589567,0
Idling,16.07.2018 03:20:12,180,Seconds,34,6E_Narol - Odhav Talav_NORMAL,77,Narol,22.97298,72.589567,0
Idling,16.07.2018 03:23:12,180,Seconds,34,6E_Narol - Odhav Talav_NORMAL,77,Narol,22.97298,72.589567,0
Idling,16.07.2018 03:26:13,180,Seconds,34,6E_Narol - Odhav Talav_NORMAL,77,Narol,22.97298,72.589567,0
Idling,16.07.2018 03:29:02,180,Seconds,131,4D_Commerce Six Road - Zundal Circle_NORMAL,234,Gulbai Tekra Approach,23.02741917,72.54510474,0
Idling,16.07.2018 03:29:13,180,Seconds,34,6E_Narol - Odhav Talav_NORMAL,77,Narol,22.97298,72.589567,0
Idling,16.07.2018 03:32:13,180,Seconds,34,6E_Narol - Odhav Talav_NORMAL,77,Narol,22.97298,72.589567,0
Idling,16.07.2018 03:35:14,180,Seconds,34,6E_Narol - Odhav Talav_NORMAL,77,Narol,22.97298,72.589567,0
Idling,16.07.2018 03:38:14,180,Seconds,34,6E_Narol - Odhav Talav_NORMAL,77,Narol,22.97298,72.589567,0
Idling,16.07.2018 03:41:14,180,Seconds,34,6E_Narol - Odhav Talav_NORMAL,77,Narol,22.97298,72.589567,0
Idling,16.07.2018 03:43:43,180,Seconds,131,4D_Commerce Six Road - Zundal Circle_NORMAL,8,Akhbarnagar,23.0675314,72.56347117,0
Idling,16.07.2018 03:44:14,180,Seconds,34,6E_Narol - Odhav Talav_NORMAL,77,Narol,22.97298,72.589567,0
Idling,16.07.2018 03:46:44,180,Seconds,131,4D_Commerce Six Road - Zundal Circle_NORMAL,8,Akhbarnagar,23.0675314,72.56347117,0
Idling,16.07.2018 03:47:14,180,Seconds,34,6E_Narol - Odhav Talav_NORMAL,77,Narol,22.97298,72.589567,0
Idling,16.07.2018 03:49:44,180,Seconds,131,4D_Commerce Six Road - Zundal Circle_NORMAL,8,Akhbarnagar,23.0675314,72.56347117,0
Idling,16.07.2018 03:50:14,180,Seconds,34,6E_Narol - Odhav Talav_NORMAL,77,Narol,22.97298,72.589567,0
Idling,16.07.2018 03:52:44,180,Seconds,131,4D_Commerce Six Road - Zundal Circle_NORMAL,8,Akhbarnagar,23.0675314,72.56347117,0
Idling,16.07.2018 03:53:15,180,Seconds,34,6E_Narol - Odhav Talav_NORMAL,77,Narol,22.97298,72.589567,0
Idling,16.07.2018 03:55:44,180,Seconds,131,4D_Commerce Six Road - Zundal Circle_NORMAL,8,Akhbarnagar,23.0675314,72.56347117,0
Idling,16.07.2018 03:56:15,180,Seconds,34,6E_Narol - Odhav Talav_NORMAL,77,Narol,22.97298,72.589567,0
Idling,16.07.2018 03:58:44,180,Seconds,131,4D_Commerce Six Road - Zundal Circle_NORMAL,8,Akhbarnagar,23.0675314,72.56347117,0
Idling,16.07.2018 03:59:15,180,Seconds,34,6E_Narol - Odhav Talav_NORMAL,77,Narol,22.97298,72.589567,0
Idling,16.07.2018 04:01:44,180,Seconds,131,4D_Commerce Six Road - Zundal Circle_NORMAL,8,Akhbarnagar,23.0675314,72.56347117,0
Idling,16.07.2018 04:02:15,180,Seconds,34,6E_Narol - Odhav Talav_NORMAL,77,Narol,22.97298,72.589567,0
Idling,16.07.2018 04:05:15,180,Seconds,34,6E_Narol - Odhav Talav_NORMAL,77,Narol,22.97298,72.589567,0
Idling,16.07.2018 04:08:16,180,Seconds,34,6E_Narol - Odhav Talav_NORMAL,77,Narol,22.97298,72.589567,0
Idling,16.07.2018 04:11:16,180,Seconds,34,6E_Narol - Odhav Talav_NORMAL,77,Narol,22.97298,72.589567,0
Harsh Braking,16.07.2018 04:12:25,0.289,m/s2,223,1000D_Karnavati Club to Sardar Patel Airport_NORMAL,139,ISRO,23.02771481,72.51768499,0
Idling,16.07.2018 04:14:16,180,Seconds,34,6E_Narol - Odhav Talav_NORMAL,77,Narol,22.97298,72.589567,0
Harsh Braking,16.07.2018 04:16:17,0.403,m/s2,223,1000D_Karnavati Club to Sardar Patel Airport_NORMAL,29,Jhansi Ki Rani,23.02307692,72.53620153,0
Idling,16.07.2018 04:17:16,180,Seconds,34,6E_Narol - Odhav Talav_NORMAL,77,Narol,22.97298,72.589567,0
Harsh Braking,16.07.2018 04:18:11,0.254,m/s2,223,1000D_Karnavati Club to Sardar Patel Airport_NORMAL,31,Nehrunagar,23.02201467,72.54491708,0
Idling,16.07.2018 04:20:16,180,Seconds,34,6E_Narol - Odhav Talav_NORMAL,77,Narol,22.97298,72.589567,0
Idling,16.07.2018 04:23:17,180,Seconds,34,6E_Narol - Odhav Talav_NORMAL,77,Narol,22.97298,72.589567,0
Idling,16.07.2018 04:26:17,180,Seconds,34,6E_Narol - Odhav Talav_NORMAL,77,Narol,22.97298,72.589567,0
Idling,16.07.2018 04:27:17,180,Seconds,198,1000U_Sardar Patel Airport to Karnavati Club_NORMAL,1001,Sardar Patel Airport-Domestic,23.0729863,72.61980315,0
Harsh Braking,16.07.2018 04:28:51,0.282,m/s2,223,1000D_Karnavati Club to Sardar Patel Airport_NORMAL,128,Juna Vadaj,23.05675333,72.57159,0
Idling,16.07.2018 04:29:18,181,Seconds,34,6E_Narol - Odhav Talav_NORMAL,77,Narol,22.97298,72.589567,0
Idling,16.07.2018 04:30:17,180,Seconds,198,1000U_Sardar Patel Airport to Karnavati Club_NORMAL,1001,Sardar Patel Airport-Domestic,23.07299159,72.6198058,0
Harsh Braking,16.07.2018 04:30:43,0.277,m/s2,223,1000D_Karnavati Club to Sardar Patel Airport_NORMAL,124,N R Patel Park,23.06582293,72.57168897,0
Idling,16.07.2018 04:32:18,180,Seconds,34,6E_Narol - Odhav Talav_NORMAL,77,Narol,22.97298,72.589567,0
Idling,16.07.2018 04:33:17,180,Seconds,198,1000U_Sardar Patel Airport to Karnavati Club_NORMAL,1001,Sardar Patel Airport-Domestic,23.07299159,72.6198058,0
Idling,16.07.2018 04:35:18,180,Seconds,34,6E_Narol - Odhav Talav_NORMAL,77,Narol,22.97298,72.589567,0
Idling,16.07.2018 04:38:18,180,Seconds,34,6E_Narol - Odhav Talav_NORMAL,77,Narol,22.97298,72.589567,0
Harsh Acceleration,16.07.2018 04:40:47,0.232,m/s2,223,1000D_Karnavati Club to Sardar Patel Airport_NORMAL,1012,Duff Nala,23.06221548,72.59536367,0
Idling,16.07.2018 04:41:19,180,Seconds,34,6E_Narol - Odhav Talav_NORMAL,77,Narol,22.97298,72.589567,0
Harsh Braking,16.07.2018 04:42:15,0.284,m/s2,203,1000D_Karnavati Club to Sardar Patel Airport_NORMAL,1040,University Granth Nirman Board,23.01831161,72.56148712,0
Idling,16.07.2018 04:44:19,180,Seconds,34,6E_Narol - Odhav Talav_NORMAL,77,Narol,22.97298,72.589567,0
Idling,16.07.2018 04:47:02,180,Seconds,55,6S_Odhav Talav - Narol_NORMAL,155,Odhav Talav,23.02446,72.665311,0
Idling,16.07.2018 04:47:19,180,Seconds,34,6E_Narol - Odhav Talav_NORMAL,77,Narol,22.97298,72.589567,0
Sharp Corner,16.07.2018 04:48:01,0.417,m/s2,223,1000D_Karnavati Club to Sardar Patel Airport_NORMAL,1010,Telephone Exchange(A.C.B.Office),23.07764305,72.61878636,0
Idling,16.07.2018 04:50:19,180,Seconds,34,6E_Narol - Odhav Talav_NORMAL,77,Narol,22.97298,72.589567,0
Harsh Braking,16.07.2018 04:52:22,0.294,m/s2,203,1000D_Karnavati Club to Sardar Patel Airport_NORMAL,126,Ramapir No Tekaro,23.0646776,72.57169993,0
Harsh Braking,16.07.2018 04:52:52,0.365,m/s2,198,1000U_Sardar Patel Airport to Karnavati Club_NORMAL,123,N R Patel Park,23.06639933,72.57173,0
Idling,16.07.2018 04:53:19,180,Seconds,34,6E_Narol - Odhav Talav_NORMAL,77,Narol,22.97298,72.589567,0
Idling,16.07.2018 04:56:19,180,Seconds,34,6E_Narol - Odhav Talav_NORMAL,77,Narol,22.97298,72.589567,0
Idling,16.07.2018 04:56:51,180,Seconds,180,1000U_Sardar Patel Airport to Karnavati Club_NORMAL,1001,Sardar Patel Airport-Domestic,23.07291876,72.61986737,0
Idling,16.07.2018 04:59:19,180,Seconds,34,6E_Narol - Odhav Talav_NORMAL,77,Narol,22.97298,72.589567,0
Harsh Braking,16.07.2018 05:00:15,0.357,m/s2,180,1000U_Sardar Patel Airport to Karnavati Club_NORMAL,1001,Sardar Patel Airport-Domestic,23.07411705,72.6210074,0
Idling,16.07.2018 05:01:53,180,Seconds,223,1000U_Sardar Patel Airport to Karnavati Club_NORMAL,1001,Sardar Patel Airport-Domestic,23.07288,72.61991,0
Idling,16.07.2018 05:02:19,180,Seconds,34,6E_Narol - Odhav Talav_NORMAL,77,Narol,22.97298,72.589567,0
Idling,16.07.2018 05:04:53,180,Seconds,223,1000U_Sardar Patel Airport to Karnavati Club_NORMAL,1001,Sardar Patel Airport-Domestic,23.07288,72.61991,0
Idling,16.07.2018 05:05:20,180,Seconds,34,6E_Narol - Odhav Talav_NORMAL,77,Narol,22.97298,72.589567,0
Idling,16.07.2018 05:07:54,180,Seconds,223,1000U_Sardar Patel Airport to Karnavati Club_NORMAL,1001,Sardar Patel Airport-Domestic,23.07288,72.61991,0
Idling,16.07.2018 05:08:20,180,Seconds,34,6E_Narol - Odhav Talav_NORMAL,77,Narol,22.97298,72.589567,0
Idling,16.07.2018 05:10:54,180,Seconds,223,1000U_Sardar Patel Airport to Karnavati Club_NORMAL,1001,Sardar Patel Airport-Domestic,23.07288,72.61991,0
Idling,16.07.2018 05:11:20,180,Seconds,34,6E_Narol - Odhav Talav_NORMAL,77,Narol,22.97298,72.589567,0
Harsh Braking,16.07.2018 05:11:30,0.342,m/s2,198,1000U_Sardar Patel Airport to Karnavati Club_NORMAL,30,Jhansi Ki Rani,23.02297981,72.53643652,0
Harsh Braking,16.07.2018 05:11:34,0.358,m/s2,180,1000U_Sardar Patel Airport to Karnavati Club_NORMAL,1015,Shahibag Underbridge,23.05316295,72.59068377,0
Idling,16.07.2018 05:13:54,180,Seconds,223,1000U_Sardar Patel Airport to Karnavati Club_NORMAL,1001,Sardar Patel Airport-Domestic,23.07288,72.61991,0
Harsh Acceleration,16.07.2018 05:14:06,0.246,m/s2,180,1000U_Sardar Patel Airport to Karnavati Club_NORMAL,1017,Police Stadium,23.06317123,72.58477033,0
Idling,16.07.2018 05:14:20,180,Seconds,34,6E_Narol - Odhav Talav_NORMAL,77,Narol,22.97298,72.589567,0
Harsh Acceleration,16.07.2018 05:17:00,0.268,m/s2,180,1000U_Sardar Patel Airport to Karnavati Club_NORMAL,3,Ranip Cross Road,23.06760406,72.57502498,0
Harsh Braking,16.07.2018 05:17:18,0.342,m/s2,198,1000U_Sardar Patel Airport to Karnavati Club_NORMAL,144,Iskcon Cross Road,23.02711742,72.50860797,0
Idling,16.07.2018 05:17:20,180,Seconds,34,6E_Narol - Odhav Talav_NORMAL,77,Narol,22.97298,72.589567,0
Idling,16.07.2018 05:20:14,180,Seconds,223,1000U_Sardar Patel Airport to Karnavati Club_NORMAL,1001,Sardar Patel Airport-Domestic,23.07441,72.62134,0
Idling,16.07.2018 05:20:20,180,Seconds,34,6E_Narol - Odhav Talav_NORMAL,77,Narol,22.97298,72.589567,0
Idling,16.07.2018 05:20:50,180,Seconds,136,4U_Zundal Circle - Commerce Six Road_NORMAL,251,Sarthi Bungalows,23.12080639,72.58230444,0
Idling,16.07.2018 05:23:14,180,Seconds,223,1000U_Sardar Patel Airport to Karnavati Club_NORMAL,1001,Sardar Patel Airport-Domestic,23.07441,72.62134,0
Idling,16.07.2018 05:23:20,180,Seconds,34,6E_Narol - Odhav Talav_NORMAL,77,Narol,22.97298,72.589567,0
Idling,16.07.2018 05:26:14,180,Seconds,223,1000U_Sardar Patel Airport to Karnavati Club_NORMAL,1001,Sardar Patel Airport-Domestic,23.07441,72.62134,0
Idling,16.07.2018 05:26:20,180,Seconds,34,6E_Narol - Odhav Talav_NORMAL,77,Narol,22.97298,72.589567,0
Idling,16.07.2018 05:26:47,180,Seconds,198,1000D_Karnavati Club to Sardar Patel Airport_NORMAL,1046,Karnavati Club,23.02097,72.50535,0
Idling,16.07.2018 05:27:55,180,Seconds,136,4U_Zundal Circle - Commerce Six Road_NORMAL,251,Sarthi Bungalows,23.12067797,72.58228177,0
Harsh Braking,16.07.2018 05:27:56,0.399,m/s2,180,1000U_Sardar Patel Airport to Karnavati Club_NORMAL,1033,Natraj Cinema,23.01776753,72.56798021,0
Idling,16.07.2018 05:28:44,180,Seconds,231,1000D_Karnavati Club to Sardar Patel Airport_NORMAL,1046,Karnavati Club,23.02097,72.50535,0
Idling,16.07.2018 05:29:14,180,Seconds,223,1000U_Sardar Patel Airport to Karnavati Club_NORMAL,1001,Sardar Patel Airport-Domestic,23.07441,72.62134,0
Idling,16.07.2018 05:29:20,180,Seconds,34,6E_Narol - Odhav Talav_NORMAL,77,Narol,22.97298,72.589567,0
Idling,16.07.2018 05:29:48,180,Seconds,198,1000D_Karnavati Club to Sardar Patel Airport_NORMAL,1046,Karnavati Club,23.02097,72.50535,0
Idling,16.07.2018 05:32:21,180,Seconds,34,6E_Narol - Odhav Talav_NORMAL,77,Narol,22.97298,72.589567,0
Idling,16.07.2018 05:32:48,180,Seconds,198,1000D_Karnavati Club to Sardar Patel Airport_NORMAL,1046,Karnavati Club,23.02097,72.50535,0
Idling,16.07.2018 05:34:19,180,Seconds,136,4U_Zundal Circle - Commerce Six Road_NORMAL,251,Sarthi Bungalows,23.12061463,72.58227059,0
Idling,16.07.2018 05:35:21,180,Seconds,34,6E_Narol - Odhav Talav_NORMAL,77,Narol,22.97298,72.589567,0
Idling,16.07.2018 05:35:48,180,Seconds,198,1000D_Karnavati Club to Sardar Patel Airport_NORMAL,1046,Karnavati Club,23.02097,72.50535,0
Idling,16.07.2018 05:37:19,180,Seconds,136,4U_Zundal Circle - Commerce Six Road_NORMAL,251,Sarthi Bungalows,23.12061463,72.58227059,0
Harsh Braking,16.07.2018 05:38:07,0.324,m/s2,180,1000U_Sardar Patel Airport to Karnavati Club_NORMAL,138,Star Bazaar,23.02613438,72.52420096,0
Idling,16.07.2018 05:38:21,180,Seconds,34,6E_Narol - Odhav Talav_NORMAL,77,Narol,22.97298,72.589567,0
Idling,16.07.2018 05:38:48,180,Seconds,198,1000D_Karnavati Club to Sardar Patel Airport_NORMAL,1046,Karnavati Club,23.02097,72.50535,0
Harsh Acceleration,16.07.2018 05:39:17,0.229,m/s2,223,1000U_Sardar Patel Airport to Karnavati Club_NORMAL,1001,Sardar Patel Airport-Domestic,23.0671883,72.60089002,0
Harsh Acceleration,16.07.2018 05:39:18,0.247,m/s2,223,1000U_Sardar Patel Airport to Karnavati Club_NORMAL,1001,Sardar Patel Airport-Domestic,23.06709092,72.60083391,0
Idling,16.07.2018 05:40:19,180,Seconds,136,4U_Zundal Circle - Commerce Six Road_NORMAL,251,Sarthi Bungalows,23.12061463,72.58227059,0
Idling,16.07.2018 05:41:21,180,Seconds,34,6E_Narol - Odhav Talav_NORMAL,77,Narol,22.97298,72.589567,0
Harsh Acceleration,16.07.2018 05:41:44,0.35,m/s2,180,1000U_Sardar Patel Airport to Karnavati Club_NORMAL,144,Iskcon Cross Road,23.027089,72.50787684,0
Idling,16.07.2018 05:41:48,180,Seconds,198,1000D_Karnavati Club to Sardar Patel Airport_NORMAL,1046,Karnavati Club,23.02097,72.50535,0
Harsh Braking,16.07.2018 05:41:49,0.386,m/s2,180,1000U_Sardar Patel Airport to Karnavati Club_NORMAL,144,Iskcon Cross Road,23.02711165,72.50765935,0
Harsh Braking,16.07.2018 05:41:51,0.404,m/s2,180,1000U_Sardar Patel Airport to Karnavati Club_NORMAL,144,Iskcon Cross Road,23.02711165,72.50765935,0
Idling,16.07.2018 05:44:21,180,Seconds,34,6E_Narol - Odhav Talav_NORMAL,77,Narol,22.97298,72.589567,0
Harsh Braking,16.07.2018 05:44:38,0.274,m/s2,52,8D_Naroda Gam - Iskcon_NORMAL,273,Naroda Gam,23.077131,72.655809,0
Harsh Braking,16.07.2018 05:44:39,0.398,m/s2,180,1000U_Sardar Patel Airport to Karnavati Club_NORMAL,1045,Karnavati Club,23.02046333,72.50519986,0
Idling,16.07.2018 05:44:48,180,Seconds,198,1000D_Karnavati Club to Sardar Patel Airport_NORMAL,1046,Karnavati Club,23.02097,72.50535,0
Harsh Braking,16.07.2018 05:45:10,0.302,m/s2,52,8D_Naroda Gam - Iskcon_NORMAL,273,Naroda Gam,23.077131,72.655809,0
Harsh Braking,16.07.2018 05:45:38,0.31,m/s2,231,1000D_Karnavati Club to Sardar Patel Airport_NORMAL,1040,University Granth Nirman Board,23.01599288,72.56283386,0
Idling,16.07.2018 05:46:19,180,Seconds,136,4U_Zundal Circle - Commerce Six Road_NORMAL,253,DCIS Circle,23.1292,72.584464,0
Idling,16.07.2018 05:47:21,180,Seconds,34,6E_Narol - Odhav Talav_NORMAL,77,Narol,22.97298,72.589567,0
Idling,16.07.2018 05:47:48,180,Seconds,198,1000D_Karnavati Club to Sardar Patel Airport_NORMAL,1046,Karnavati Club,23.02097,72.50535,0
Harsh Braking,16.07.2018 05:48:30,0.379,m/s2,52,8D_Naroda Gam - Iskcon_NORMAL,273,Naroda Gam,23.077131,72.655809,0
Idling,16.07.2018 05:49:19,180,Seconds,136,4U_Zundal Circle - Commerce Six Road_NORMAL,253,DCIS Circle,23.1292,72.584464,0
Idling,16.07.2018 05:50:21,180,Seconds,34,6E_Narol - Odhav Talav_NORMAL,77,Narol,22.97298,72.589567,0
Idling,16.07.2018 05:50:48,180,Seconds,198,1000D_Karnavati Club to Sardar Patel Airport_NORMAL,1046,Karnavati Club,23.02097,72.50535,0
Idling,16.07.2018 05:52:29,180,Seconds,180,1000D_Karnavati Club to Sardar Patel Airport_NORMAL,1046,Karnavati Club,23.02097,72.50535,0
Idling,16.07.2018 05:53:21,180,Seconds,34,6E_Narol - Odhav Talav_NORMAL,77,Narol,22.97298,72.589567,0
Idling,16.07.2018 05:53:30,180,Seconds,58,2D_Odhav Ring Road - Science City Approach_NORMAL,157,SP Ring Road Approach,23.024869,72.671412,0
Idling,16.07.2018 05:53:45,180,Seconds,56,5D_Naroda Gam - Vasna_NORMAL,273,Naroda Gam,23.077131,72.655809,0
Idling,16.07.2018 05:53:48,180,Seconds,198,1000D_Karnavati Club to Sardar Patel Airport_NORMAL,1046,Karnavati Club,23.02097,72.50535,0
Speeding,16.07.2018 05:54:25,59,km/h,136,4U_Zundal Circle - Commerce Six Road_NORMAL,251,Sarthi Bungalows,23.122111,72.582558,0
Idling,16.07.2018 05:55:29,180,Seconds,180,1000D_Karnavati Club to Sardar Patel Airport_NORMAL,1046,Karnavati Club,23.02097,72.50535,0
Idling,16.07.2018 05:56:22,180,Seconds,34,6E_Narol - Odhav Talav_NORMAL,77,Narol,22.97298,72.589567,0
Idling,16.07.2018 05:56:30,180,Seconds,58,2D_Odhav Ring Road - Science City Approach_NORMAL,157,SP Ring Road Approach,23.024869,72.671412,0
Idling,16.07.2018 05:56:49,180,Seconds,198,1000D_Karnavati Club to Sardar Patel Airport_NORMAL,1046,Karnavati Club,23.02097,72.50535,0
Idling,16.07.2018 05:58:09,180,Seconds,136,4U_Zundal Circle - Commerce Six Road_NORMAL,251,Sarthi Bungalows,23.122111,72.582558,0
Idling,16.07.2018 05:58:14,180,Seconds,56,5D_Naroda Gam - Vasna_NORMAL,273,Naroda Gam,23.07711411,72.6556558,0
Idling,16.07.2018 05:58:29,180,Seconds,180,1000D_Karnavati Club to Sardar Patel Airport_NORMAL,1046,Karnavati Club,23.02097,72.50535,0
Idling,16.07.2018 05:58:54,180,Seconds,153,1U_Ghuma Gam - Maninagar_NORMAL,269,Ghuma Gam,23.03111741,72.44841437,0
Idling,16.07.2018 05:59:22,180,Seconds,34,6E_Narol - Odhav Talav_NORMAL,77,Narol,22.97298,72.589567,0
Idling,16.07.2018 05:59:49,180,Seconds,198,1000D_Karnavati Club to Sardar Patel Airport_NORMAL,1046,Karnavati Club,23.02097,72.50535,0
Speeding,16.07.2018 06:00:35,53,km/h,136,4U_Zundal Circle - Commerce Six Road_NORMAL,251,Sarthi Bungalows,23.122111,72.582558,0
Idling,16.07.2018 06:01:29,180,Seconds,180,1000D_Karnavati Club to Sardar Patel Airport_NORMAL,1046,Karnavati Club,23.02097,72.50535,0
Speeding,16.07.2018 06:01:48,55,km/h,136,4U_Zundal Circle - Commerce Six Road_NORMAL,251,Sarthi Bungalows,23.11716179,72.58244593,0
Idling,16.07.2018 06:01:54,180,Seconds,153,1U_Ghuma Gam - Maninagar_NORMAL,269,Ghuma Gam,23.03112206,72.44842757,0
Harsh Acceleration,16.07.2018 06:02:16,0.23,m/s2,155,5U_Vasna - Naroda Gam_NORMAL,275,Vasna,23.00195146,72.54832811,0
Idling,16.07.2018 06:02:22,180,Seconds,34,6E_Narol - Odhav Talav_NORMAL,77,Narol,22.97298,72.589567,0
Idling,16.07.2018 06:02:34,180,Seconds,154,11U_M J Library - Odhav Ring Road_NORMAL,287,M J Library,23.023721,72.570257,0
Idling,16.07.2018 06:02:47,180,Seconds,64,8U_Iskcon - Naroda Gam_NORMAL,143,Iskcon Cross Road,23.02716562,72.50853857,0
Harsh Acceleration,16.07.2018 06:02:49,0.3,m/s2,155,5U_Vasna - Naroda Gam_NORMAL,275,Vasna,23.00246282,72.55071361,0
Harsh Braking,16.07.2018 06:02:51,0.283,m/s2,184,2U_Science City Approach - Odhav Ring Road_NORMAL,165,Bhuyangdev,23.06047437,72.53558875,0
Idling,16.07.2018 06:03:34,180,Seconds,163,3D_Maninagar - R.T.O Circle_NORMAL,57,Maninagar,22.99759298,72.61153289,0
Idling,16.07.2018 06:04:29,180,Seconds,180,1000D_Karnavati Club to Sardar Patel Airport_NORMAL,1046,Karnavati Club,23.02097,72.50535,0
Idling,16.07.2018 06:04:54,180,Seconds,153,1U_Ghuma Gam - Maninagar_NORMAL,269,Ghuma Gam,23.03112917,72.44844774,0
Harsh Braking,16.07.2018 06:05:11,0.299,m/s2,155,5U_Vasna - Naroda Gam_NORMAL,39,Chandarnagar,22.99988095,72.55791733,0
Idling,16.07.2018 06:05:22,180,Seconds,34,6E_Narol - Odhav Talav_NORMAL,77,Narol,22.97298,72.589567,0
Idling,16.07.2018 06:05:34,180,Seconds,154,11U_M J Library - Odhav Ring Road_NORMAL,287,M J Library,23.023721,72.570257,0
Idling,16.07.2018 06:05:47,180,Seconds,64,8U_Iskcon - Naroda Gam_NORMAL,143,Iskcon Cross Road,23.02716562,72.50853857,0
Speeding,16.07.2018 06:06:02,55,km/h,136,4U_Zundal Circle - Commerce Six Road_NORMAL,219,ONGC Avani Bhavan,23.09916975,72.58802989,0
Idling,16.07.2018 06:06:22,180,Seconds,157,4D_Commerce Six Road - Zundal Circle_NORMAL,263,Commerce Six Road,23.038749,72.554473,0
Harsh Braking,16.07.2018 06:06:36,0.331,m/s2,40,12D_CTM Cross Road - R.T.O Circle_NORMAL,82,Isanpur,22.97617649,72.60231594,0
Idling,16.07.2018 06:06:41,180,Seconds,9,8D_Naroda Gam - Iskcon_NORMAL,273,Naroda Gam,23.0771156,72.65566937,0
Speeding,16.07.2018 06:06:42,58,km/h,38,1D_Maninagar - Ghuma Gam_NORMAL,44,Danilimda Char Rasta,22.99645799,72.57738721,0
Harsh Braking,16.07.2018 06:06:58,0.319,m/s2,198,1000D_Karnavati Club to Sardar Patel Airport_NORMAL,137,Star Bazaar,23.02617028,72.52421271,0
Idling,16.07.2018 06:07:06,180,Seconds,179,2U_Science City Approach - Odhav Ring Road_NORMAL,171,Science City Approach,23.069664,72.522998,0
Harsh Acceleration,16.07.2018 06:07:20,0.27,m/s2,3,12D_Hatkeshwar - R.T.O Circle_NORMAL,278,Hatkeshwar,22.99726,72.62662,0
Harsh Acceleration,16.07.2018 06:07:20,0.237,m/s2,7,5S_Odhav Talav - Naroda Gam_NORMAL,151,Chhotalal ni Chali,23.02343133,72.65831249,0
Harsh Braking,16.07.2018 06:07:30,0.287,m/s2,7,5S_Odhav Talav - Naroda Gam_NORMAL,151,Chhotalal ni Chali,23.02328741,72.65738667,0
Idling,16.07.2018 06:07:29,180,Seconds,180,1000D_Karnavati Club to Sardar Patel Airport_NORMAL,1046,Karnavati Club,23.02097,72.50535,0
Harsh Braking,16.07.2018 06:07:33,0.346,m/s2,136,4U_Zundal Circle - Commerce Six Road_NORMAL,181,Motera Cross Road,23.09209103,72.59011584,0
Idling,16.07.2018 06:07:54,180,Seconds,153,1U_Ghuma Gam - Maninagar_NORMAL,269,Ghuma Gam,23.03113794,72.44847264,0
Harsh Acceleration,16.07.2018 06:08:07,0.272,m/s2,155,5U_Vasna - Naroda Gam_NORMAL,41,Khodiyarnagar,22.99602218,72.57272518,0
Idling,16.07.2018 06:08:09,180,Seconds,229,101_R.T.O(Circular)_NORMAL,1,R.T.O Circle,23.06833092,72.58108535,0
Idling,16.07.2018 06:08:22,180,Seconds,34,6E_Narol - Odhav Talav_NORMAL,77,Narol,22.97298,72.589567,0
Harsh Acceleration,16.07.2018 06:08:37,0.267,m/s2,155,5U_Vasna - Naroda Gam_NORMAL,41,Khodiyarnagar,22.99619691,72.57606725,0
Harsh Braking,16.07.2018 06:08:42,0.31,m/s2,184,2U_Science City Approach - Odhav Ring Road_NORMAL,10,Pragatinagar,23.06463665,72.55603374,0
Harsh Acceleration,16.07.2018 06:08:58,0.269,m/s2,184,2U_Science City Approach - Odhav Ring Road_NORMAL,10,Pragatinagar,23.06481589,72.55630051,0
Harsh Acceleration,16.07.2018 06:09:00,0.308,m/s2,184,2U_Science City Approach - Odhav Ring Road_NORMAL,10,Pragatinagar,23.06489641,72.55643306,0
Harsh Braking,16.07.2018 06:09:03,0.268,m/s2,26,12D_CTM Cross Road - R.T.O Circle_NORMAL,90,CTM Cross Road,22.991276,72.631735,0
Harsh Braking,16.07.2018 06:09:05,0.31,m/s2,26,12D_CTM Cross Road - R.T.O Circle_NORMAL,90,CTM Cross Road,22.991276,72.631735,0
Idling,16.07.2018 06:09:15,180,Seconds,127,1D_Maninagar - Ghuma Gam_NORMAL,57,Maninagar,22.9976142,72.61151882,0
Harsh Braking,16.07.2018 06:09:30,0.306,m/s2,155,5U_Vasna - Naroda Gam_NORMAL,43,Danilimda Char Rasta,22.99714,72.57885,0
Harsh Acceleration,16.07.2018 06:09:51,0.378,m/s2,184,2U_Science City Approach - Odhav Ring Road_NORMAL,10,Pragatinagar,23.06702392,72.56101143,0
Idling,16.07.2018 06:10:07,180,Seconds,179,2U_Science City Approach - Odhav Ring Road_NORMAL,171,Science City Approach,23.069664,72.522998,0
Idling,16.07.2018 06:10:29,180,Seconds,180,1000D_Karnavati Club to Sardar Patel Airport_NORMAL,1046,Karnavati Club,23.02097,72.50535,0
Sharp Corner,16.07.2018 06:10:35,0.567,m/s2,38,1D_Maninagar - Ghuma Gam_NORMAL,42,Khodiyarnagar,22.99510079,72.56733564,0
Idling,16.07.2018 06:10:54,180,Seconds,153,1U_Ghuma Gam - Maninagar_NORMAL,269,Ghuma Gam,23.03113864,72.44847461,0
Idling,16.07.2018 06:11:09,180,Seconds,229,101_R.T.O(Circular)_NORMAL,1,R.T.O Circle,23.06833856,72.58106646,0
Harsh Acceleration,16.07.2018 06:11:11,0.268,m/s2,155,5U_Vasna - Naroda Gam_NORMAL,69,Chhipa Society,22.99150393,72.58168905,0
Harsh Braking,16.07.2018 06:11:16,0.289,m/s2,56,5D_Naroda Gam - Vasna_NORMAL,113,Hiravadi,23.04560447,72.6409975,0
Idling,16.07.2018 06:11:22,180,Seconds,34,6E_Narol - Odhav Talav_NORMAL,77,Narol,22.97298,72.589567,0
Harsh Braking,16.07.2018 06:11:30,0.324,m/s2,223,1000U_Sardar Patel Airport to Karnavati Club_NORMAL,138,Star Bazaar,23.02613613,72.5241938,0
Speeding,16.07.2018 06:11:43,57,km/h,38,1D_Maninagar - Ghuma Gam_NORMAL,42,Khodiyarnagar,22.99934675,72.55881244,0
Idling,16.07.2018 06:12:11,180,Seconds,156,5U_Vasna - Naroda Gam_NORMAL,275,Vasna,23.00206424,72.54791975,0
Harsh Braking,16.07.2018 06:12:22,0.326,m/s2,40,12D_CTM Cross Road - R.T.O Circle_NORMAL,74,BRTS Workshop,22.98222574,72.58562944,0
Harsh Braking,16.07.2018 06:12:45,0.322,m/s2,157,4D_Commerce Six Road - Zundal Circle_NORMAL,232,Panjrapole Char Rasta,23.02651902,72.54428247,0
Speeding,16.07.2018 06:12:48,56,km/h,38,1D_Maninagar - Ghuma Gam_NORMAL,38,Anjali,23.00327682,72.55428286,0
Harsh Braking,16.07.2018 06:12:56,0.359,m/s2,41,12S_Odhav Talav - Hatkeshwar_NORMAL,91,Purvdeep Society,22.9928,72.63266,0
Harsh Acceleration,16.07.2018 06:12:58,0.339,m/s2,184,2U_Science City Approach - Odhav Ring Road_NORMAL,123,N R Patel Park,23.06608574,72.57172757,0
Idling,16.07.2018 06:13:07,180,Seconds,179,2U_Science City Approach - Odhav Ring Road_NORMAL,171,Science City Approach,23.069664,72.522998,0
Harsh Braking,16.07.2018 06:13:20,0.293,m/s2,40,12D_CTM Cross Road - R.T.O Circle_NORMAL,74,BRTS Workshop,22.98462362,72.58342281,0
Idling,16.07.2018 06:13:29,180,Seconds,180,1000D_Karnavati Club to Sardar Patel Airport_NORMAL,1046,Karnavati Club,23.02097,72.50535,0
Speeding,16.07.2018 06:13:29,58,km/h,142,1D_Maninagar - Ghuma Gam_NORMAL,42,Khodiyarnagar,22.99870123,72.56037238,0
Harsh Braking,16.07.2018 06:13:48,0.335,m/s2,184,2U_Science City Approach - Odhav Ring Road_NORMAL,125,Ramapir No Tekaro,23.06162546,72.57174266,0
Harsh Acceleration,16.07.2018 06:14:04,0.287,m/s2,184,2U_Science City Approach - Odhav Ring Road_NORMAL,125,Ramapir No Tekaro,23.06123697,72.57174859,0
Idling,16.07.2018 06:14:09,180,Seconds,229,101_R.T.O(Circular)_NORMAL,1,R.T.O Circle,23.06834621,72.58104369,0
Harsh Acceleration,16.07.2018 06:14:12,0.226,m/s2,184,2U_Science City Approach - Odhav Ring Road_NORMAL,125,Ramapir No Tekaro,23.06050109,72.57172421,0
Speeding,16.07.2018 06:14:13,66,km/h,46,4U_Zundal Circle - Commerce Six Road_NORMAL,251,Sarthi Bungalows,23.12347611,72.58291473,0
Idling,16.07.2018 06:14:23,180,Seconds,34,6E_Narol - Odhav Talav_NORMAL,77,Narol,22.97298,72.589567,0
Harsh Braking,16.07.2018 06:14:24,0.389,m/s2,156,5U_Vasna - Naroda Gam_NORMAL,275,Vasna,23.00192958,72.54813509,0
Idling,16.07.2018 06:14:28,180,Seconds,3,12D_Hatkeshwar - R.T.O Circle_NORMAL,278,Hatkeshwar,22.99181132,72.63237599,0
Harsh Braking,16.07.2018 06:14:41,0.3,m/s2,127,1D_Maninagar - Ghuma Gam_NORMAL,62,Jawahar Chowk,22.99515603,72.60521678,0
Harsh Braking,16.07.2018 06:14:45,0.482,m/s2,205,12U_R.T.O Circle - Hatkeshwar_NORMAL,5,Bhavsar Hostel,23.06758,72.568599,0
Harsh Braking,16.07.2018 06:15:00,0.379,m/s2,156,5U_Vasna - Naroda Gam_NORMAL,275,Vasna,23.00242651,72.55062406,0
Harsh Braking,16.07.2018 06:15:12,0.299,m/s2,156,5U_Vasna - Naroda Gam_NORMAL,275,Vasna,23.00283868,72.55128493,0
Harsh Braking,16.07.2018 06:15:23,0.309,m/s2,56,5D_Naroda Gam - Vasna_NORMAL,107,Bapu Nagar Approach,23.03251249,72.63926906,0
Harsh Acceleration,16.07.2018 06:15:23,0.27,m/s2,58,2D_Odhav Ring Road - Science City Approach_NORMAL,293,Patel Mills,23.02044586,72.60477463,0
Harsh Braking,16.07.2018 06:15:34,0.315,m/s2,26,12D_CTM Cross Road - R.T.O Circle_NORMAL,86,Jashodanagar Char Rasta,22.98377394,72.6239046,0
Speeding,16.07.2018 06:15:43,58,km/h,46,4U_Zundal Circle - Commerce Six Road_NORMAL,251,Sarthi Bungalows,23.11714178,72.5824536,0
Speeding,16.07.2018 06:15:54,64,km/h,157,4D_Commerce Six Road - Zundal Circle_NORMAL,30,Jhansi Ki Rani,23.02289033,72.53690269,0
Speeding,16.07.2018 06:15:56,58,km/h,38,1D_Maninagar - Ghuma Gam_NORMAL,36,Dharnidhar Derasar,23.0168542,72.54435615,0
Harsh Braking,16.07.2018 06:16:08,0.269,m/s2,127,1D_Maninagar - Ghuma Gam_NORMAL,64,Bhairavnath Road,22.99546239,72.59927498,0
Harsh Braking,16.07.2018 06:16:09,0.339,m/s2,156,5U_Vasna - Naroda Gam_NORMAL,275,Vasna,23.00423114,72.55340944,0
Harsh Braking,16.07.2018 06:16:10,0.263,m/s2,38,1D_Maninagar - Ghuma Gam_NORMAL,34,Manekbaug,23.01823024,72.54401598,0
Speeding,16.07.2018 06:16:26,59,km/h,142,1D_Maninagar - Ghuma Gam_NORMAL,38,Anjali,23.00758729,72.54986575,0
Idling,16.07.2018 06:16:30,180,Seconds,180,1000D_Karnavati Club to Sardar Patel Airport_NORMAL,1046,Karnavati Club,23.02097,72.50535,0
Idling,16.07.2018 06:16:35,180,Seconds,153,1U_Ghuma Gam - Maninagar_NORMAL,269,Ghuma Gam,23.03113864,72.44847461,0
Harsh Braking,16.07.2018 06:16:44,0.297,m/s2,156,5U_Vasna - Naroda Gam_NORMAL,37,Anjali,23.00302715,72.55462576,0
Harsh Acceleration,16.07.2018 06:16:49,0.266,m/s2,155,5U_Vasna - Naroda Gam_NORMAL,77,Narol,22.97307644,72.59060864,0
Speeding,16.07.2018 06:16:53,59,km/h,157,4D_Commerce Six Road - Zundal Circle_NORMAL,30,Jhansi Ki Rani,23.02427764,72.53202068,0
Harsh Braking,16.07.2018 06:17:02,0.393,m/s2,205,12U_R.T.O Circle - Hatkeshwar_NORMAL,7,Akhbarnagar,23.06697186,72.56108649,0
Idling,16.07.2018 06:17:10,180,Seconds,229,101_R.T.O(Circular)_NORMAL,1,R.T.O Circle,23.06835248,72.58101721,0
Idling,16.07.2018 06:17:23,180,Seconds,34,6E_Narol - Odhav Talav_NORMAL,77,Narol,22.97298,72.589567,0
Harsh Acceleration,16.07.2018 06:17:31,0.357,m/s2,179,2U_Science City Approach - Odhav Ring Road_NORMAL,169,Sola Bridge,23.06378925,72.53114641,0
Harsh Braking,16.07.2018 06:17:46,0.26,m/s2,156,5U_Vasna - Naroda Gam_NORMAL,39,Chandarnagar,22.99943025,72.55873665,0
Harsh Acceleration,16.07.2018 06:17:52,0.287,m/s2,7,5S_Odhav Talav - Naroda Gam_NORMAL,118,Krishna nagar,23.05732543,72.64265398,0
Harsh Acceleration,16.07.2018 06:17:52,0.266,m/s2,155,5U_Vasna - Naroda Gam_NORMAL,79,Mukesh Industries,22.97407674,72.59548463,0
Harsh Braking,16.07.2018 06:17:53,0.325,m/s2,6,3U_R.T.O Circle - Maninagar_NORMAL,1,R.T.O Circle,23.06836683,72.58095666,0
Harsh Braking,16.07.2018 06:18:06,0.349,m/s2,6,3U_R.T.O Circle - Maninagar_NORMAL,1,R.T.O Circle,23.06823219,72.58007336,0
Speeding,16.07.2018 06:18:07,61,km/h,142,1D_Maninagar - Ghuma Gam_NORMAL,36,Dharnidhar Derasar,23.01678313,72.54437167,0
Harsh Braking,16.07.2018 06:18:09,0.336,m/s2,184,2U_Science City Approach - Odhav Ring Road_NORMAL,131,Hanumanpura,23.04542878,72.58356264,0
Speeding,16.07.2018 06:18:27,62,km/h,157,4D_Commerce Six Road - Zundal Circle_NORMAL,28,Shivranjani,23.02778767,72.53141261,0
Speeding,16.07.2018 06:18:33,62,km/h,46,4U_Zundal Circle - Commerce Six Road_NORMAL,221,Jantanagar,23.10432861,72.58640546,0
Idling,16.07.2018 06:18:56,180,Seconds,41,12D_Hatkeshwar - R.T.O Circle_NORMAL,278,Hatkeshwar,22.99192818,72.63246364,0
Speeding,16.07.2018 06:18:57,61,km/h,65,7U_Zundal Circle - Narol_NORMAL,219,ONGC Avani Bhavan,23.101638,72.59256872,0
Harsh Braking,16.07.2018 06:19:02,0.26,m/s2,65,7U_Zundal Circle - Narol_NORMAL,219,ONGC Avani Bhavan,23.10195448,72.59296391,0
Harsh Acceleration,16.07.2018 06:19:22,0.242,m/s2,155,5U_Vasna - Naroda Gam_NORMAL,81,Isanpur,22.97638247,72.60278417,0
Harsh Braking,16.07.2018 06:19:23,0.304,m/s2,156,5U_Vasna - Naroda Gam_NORMAL,41,Khodiyarnagar,22.99540736,72.56963424,0
Harsh Acceleration,16.07.2018 06:19:25,0.286,m/s2,155,5U_Vasna - Naroda Gam_NORMAL,81,Isanpur,22.97645399,72.60298005,0
Idling,16.07.2018 06:19:30,180,Seconds,180,1000D_Karnavati Club to Sardar Patel Airport_NORMAL,1046,Karnavati Club,23.02097,72.50535,0
Sharp Corner,16.07.2018 06:19:30,0.347,m/s2,156,5U_Vasna - Naroda Gam_NORMAL,41,Khodiyarnagar,22.99552609,72.57018256,0
Speeding,16.07.2018 06:19:35,59,km/h,46,4U_Zundal Circle - Commerce Six Road_NORMAL,219,ONGC Avani Bhavan,23.09890209,72.58811289,0
Harsh Braking,16.07.2018 06:19:36,0.281,m/s2,127,1D_Maninagar - Ghuma Gam_NORMAL,50,Kankariya Telephone Exchange,23.0017473,72.59007238,0
Idling,16.07.2018 06:19:35,180,Seconds,153,1U_Ghuma Gam - Maninagar_NORMAL,269,Ghuma Gam,23.03113864,72.44847461,0
Harsh Acceleration,16.07.2018 06:19:37,0.362,m/s2,136,4U_Zundal Circle - Commerce Six Road_NORMAL,253,DCIS Circle,23.1292,72.584464,0
Speeding,16.07.2018 06:19:38,65,km/h,157,4D_Commerce Six Road - Zundal Circle_NORMAL,26,Himmatlal Park,23.03366261,72.53529223,0
Harsh Braking,16.07.2018 06:19:43,0.313,m/s2,215,2S_Bhavsar Hostel - Science City Approach_NORMAL,11,Shastrinagar,23.06222898,72.5530405,0
Speeding,16.07.2018 06:19:42,55,km/h,65,7U_Zundal Circle - Narol_NORMAL,266,Vishvkarma Engineering College,23.10453715,72.59619134,0
Harsh Braking,16.07.2018 06:19:47,0.301,m/s2,156,5U_Vasna - Naroda Gam_NORMAL,41,Khodiyarnagar,22.99559207,72.57048095,0
Harsh Braking,16.07.2018 06:19:55,0.292,m/s2,157,4D_Commerce Six Road - Zundal Circle_NORMAL,24,Andhjan Mandal,23.03467818,72.53598172,0
Harsh Acceleration,16.07.2018 06:19:57,0.274,m/s2,40,12D_CTM Cross Road - R.T.O Circle_NORMAL,42,Khodiyarnagar,22.99568983,72.56499436,0
Harsh Braking,16.07.2018 06:20:05,0.388,m/s2,26,12D_CTM Cross Road - R.T.O Circle_NORMAL,82,Isanpur,22.97616201,72.60227628,0
Idling,16.07.2018 06:20:10,180,Seconds,229,101_R.T.O(Circular)_NORMAL,1,R.T.O Circle,23.06835248,72.58101721,0
Idling,16.07.2018 06:20:23,180,Seconds,34,6E_Narol - Odhav Talav_NORMAL,77,Narol,22.97298,72.589567,0
Harsh Braking,16.07.2018 06:20:27,0.288,m/s2,6,3U_R.T.O Circle - Maninagar_NORMAL,5,Bhavsar Hostel,23.06758,72.5690015,0
Harsh Braking,16.07.2018 06:20:47,0.377,m/s2,6,3U_R.T.O Circle - Maninagar_NORMAL,5,Bhavsar Hostel,23.06757562,72.56843028,0
Harsh Braking,16.07.2018 06:20:49,0.305,m/s2,156,5U_Vasna - Naroda Gam_NORMAL,41,Khodiyarnagar,22.99622017,72.57622473,0
Speeding,16.07.2018 06:20:52,62,km/h,46,4U_Zundal Circle - Commerce Six Road_NORMAL,183,Visat -Gandhinagar Junction,23.09269776,72.58996111,0
Speeding,16.07.2018 06:20:53,67,km/h,157,4D_Commerce Six Road - Zundal Circle_NORMAL,24,Andhjan Mandal,23.0391326,72.53823514,0
Sharp Corner,16.07.2018 06:20:56,0.358,m/s2,156,5U_Vasna - Naroda Gam_NORMAL,43,Danilimda Char Rasta,22.99630818,72.5767751,0
Harsh Braking,16.07.2018 06:20:56,0.37,m/s2,6,3U_R.T.O Circle - Maninagar_NORMAL,5,Bhavsar Hostel,23.06758495,72.56784753,0
Harsh Braking,16.07.2018 06:21:00,0.308,m/s2,6,3U_R.T.O Circle - Maninagar_NORMAL,5,Bhavsar Hostel,23.06759365,72.56748597,0
Harsh Braking,16.07.2018 06:21:02,0.272,m/s2,6,3U_R.T.O Circle - Maninagar_NORMAL,5,Bhavsar Hostel,23.06759543,72.56729554,0
Harsh Braking,16.07.2018 06:21:14,0.359,m/s2,6,3U_R.T.O Circle - Maninagar_NORMAL,5,Bhavsar Hostel,23.0675895,72.5662682,0
Idling,16.07.2018 06:21:29,180,Seconds,55,6S_Odhav Talav - Narol_NORMAL,155,Odhav Talav,23.02446,72.665311,0
Harsh Braking,16.07.2018 06:21:32,0.281,m/s2,6,3U_R.T.O Circle - Maninagar_NORMAL,7,Akhbarnagar,23.06759818,72.56429163,0
Harsh Braking,16.07.2018 06:21:36,0.455,m/s2,6,3U_R.T.O Circle - Maninagar_NORMAL,7,Akhbarnagar,23.06754147,72.5639047,0
Harsh Braking,16.07.2018 06:21:42,0.267,m/s2,6,3U_R.T.O Circle - Maninagar_NORMAL,7,Akhbarnagar,23.06752432,72.56378765,0
Harsh Braking,16.07.2018 06:21:46,0.273,m/s2,6,3U_R.T.O Circle - Maninagar_NORMAL,7,Akhbarnagar,23.06752236,72.5637743,0
Harsh Acceleration,16.07.2018 06:21:49,0.257,m/s2,155,5U_Vasna - Naroda Gam_NORMAL,83,Ghodasar,22.97951452,72.61452486,0
Harsh Braking,16.07.2018 06:21:49,0.282,m/s2,6,3U_R.T.O Circle - Maninagar_NORMAL,7,Akhbarnagar,23.06752124,72.56376667,0
Idling,16.07.2018 06:21:56,180,Seconds,41,12D_Hatkeshwar - R.T.O Circle_NORMAL,278,Hatkeshwar,22.99192133,72.6324585,0
Speeding,16.07.2018 06:21:58,70,km/h,157,4D_Commerce Six Road - Zundal Circle_NORMAL,22,University,23.0446846,72.54182343,0
Harsh Acceleration,16.07.2018 06:22:05,0.267,m/s2,52,8D_Naroda Gam - Iskcon_NORMAL,273,Naroda Gam,23.0737412,72.6535716,0
Harsh Braking,16.07.2018 06:22:07,0.365,m/s2,6,3U_R.T.O Circle - Maninagar_NORMAL,7,Akhbarnagar,23.0674225,72.563098,0
Harsh Braking,16.07.2018 06:22:14,0.371,m/s2,51,12D_CTM Cross Road - R.T.O Circle_NORMAL,90,CTM Cross Road,22.991276,72.631735,0
Speeding,16.07.2018 06:22:14,59,km/h,65,7U_Zundal Circle - Narol_NORMAL,266,Vishvkarma Engineering College,23.09904727,72.5895344,0
Harsh Braking,16.07.2018 06:22:19,0.396,m/s2,6,3U_R.T.O Circle - Maninagar_NORMAL,7,Akhbarnagar,23.06727215,72.56229696,0
Harsh Braking,16.07.2018 06:22:25,0.283,m/s2,6,3U_R.T.O Circle - Maninagar_NORMAL,7,Akhbarnagar,23.06718008,72.56171598,0
Idling,16.07.2018 06:22:26,180,Seconds,228,201_R.T.O(Anti-Circular)_NORMAL,1,R.T.O Circle,23.06836299,72.58097287,0
Harsh Braking,16.07.2018 06:22:28,0.279,m/s2,6,3U_R.T.O Circle - Maninagar_NORMAL,7,Akhbarnagar,23.06711662,72.56151651,0
Idling,16.07.2018 06:22:30,180,Seconds,180,1000D_Karnavati Club to Sardar Patel Airport_NORMAL,1046,Karnavati Club,23.02097,72.50535,0
Harsh Braking,16.07.2018 06:22:32,0.319,m/s2,6,3U_R.T.O Circle - Maninagar_NORMAL,7,Akhbarnagar,23.06696928,72.56107903,0
Harsh Braking,16.07.2018 06:22:34,0.256,m/s2,6,3U_R.T.O Circle - Maninagar_NORMAL,7,Akhbarnagar,23.066923,72.56094534,0
Idling,16.07.2018 06:22:35,180,Seconds,153,1U_Ghuma Gam - Maninagar_NORMAL,269,Ghuma Gam,23.03113864,72.44847461,0
Harsh Braking,16.07.2018 06:22:40,0.343,m/s2,6,3U_R.T.O Circle - Maninagar_NORMAL,7,Akhbarnagar,23.0667457,72.56043312,0
Harsh Braking,16.07.2018 06:22:47,0.288,m/s2,215,2S_Bhavsar Hostel - Science City Approach_NORMAL,162,Parasnagar,23.05554313,72.54312521,0
Harsh Braking,16.07.2018 06:22:47,0.498,m/s2,6,3U_R.T.O Circle - Maninagar_NORMAL,7,Akhbarnagar,23.06647033,72.55959853,0
Idling,16.07.2018 06:23:10,180,Seconds,229,101_R.T.O(Circular)_NORMAL,1,R.T.O Circle,23.06835248,72.58101721,0
Harsh Braking,16.07.2018 06:23:22,0.34,m/s2,6,3U_R.T.O Circle - Maninagar_NORMAL,7,Akhbarnagar,23.06502436,72.55675208,0
Harsh Braking,16.07.2018 06:23:22,0.301,m/s2,156,5U_Vasna - Naroda Gam_NORMAL,69,Chhipa Society,22.99191946,72.58134005,0
Idling,16.07.2018 06:23:23,180,Seconds,34,6E_Narol - Odhav Talav_NORMAL,77,Narol,22.97298,72.589567,0
Sharp Corner,16.07.2018 06:23:35,0.341,m/s2,51,12D_CTM Cross Road - R.T.O Circle_NORMAL,90,CTM Cross Road,22.991276,72.631735,0
Harsh Braking,16.07.2018 06:23:37,0.275,m/s2,6,3U_R.T.O Circle - Maninagar_NORMAL,9,Pragatinagar,23.06461487,72.55607694,0
Speeding,16.07.2018 06:23:39,64,km/h,65,7U_Zundal Circle - Narol_NORMAL,183,Visat -Gandhinagar Junction,23.09298899,72.58987712,0
Harsh Braking,16.07.2018 06:23:44,0.343,m/s2,6,3U_R.T.O Circle - Maninagar_NORMAL,9,Pragatinagar,23.06455091,72.55597817,0
Harsh Braking,16.07.2018 06:23:47,0.281,m/s2,6,3U_R.T.O Circle - Maninagar_NORMAL,9,Pragatinagar,23.06447357,72.55585466,0
Harsh Braking,16.07.2018 06:23:48,0.254,m/s2,6,3U_R.T.O Circle - Maninagar_NORMAL,9,Pragatinagar,23.06444651,72.55581146,0
Harsh Braking,16.07.2018 06:23:50,0.362,m/s2,6,3U_R.T.O Circle - Maninagar_NORMAL,9,Pragatinagar,23.06439491,72.55572905,0
Harsh Braking,16.07.2018 06:23:56,0.33,m/s2,6,3U_R.T.O Circle - Maninagar_NORMAL,9,Pragatinagar,23.06424242,72.5554773,0
Harsh Braking,16.07.2018 06:24:03,0.332,m/s2,6,3U_R.T.O Circle - Maninagar_NORMAL,9,Pragatinagar,23.06382028,72.55490599,0
Harsh Braking,16.07.2018 06:24:15,0.261,m/s2,152,1S_Chhipa Society - Maninagar_NORMAL,68,Danilimda Road,22.99592476,72.57917915,0
Harsh Acceleration,16.07.2018 06:24:26,0.333,m/s2,198,1000D_Karnavati Club to Sardar Patel Airport_NORMAL,1028,Gujarat Vidyapith,23.04473698,72.56990954,0
Harsh Braking,16.07.2018 06:24:26,0.372,m/s2,156,5U_Vasna - Naroda Gam_NORMAL,69,Chhipa Society,22.98817373,72.58230827,0
Harsh Braking,16.07.2018 06:24:34,0.279,m/s2,6,3U_R.T.O Circle - Maninagar_NORMAL,11,Shastrinagar,23.06217731,72.55297912,0
Harsh Braking,16.07.2018 06:24:44,0.34,m/s2,6,3U_R.T.O Circle - Maninagar_NORMAL,11,Shastrinagar,23.06202208,72.55280353,0
Idling,16.07.2018 06:24:53,180,Seconds,53,9U_Sola Bhagwat - Maninagar_NORMAL,15,Sola Cross Road,23.05263766,72.54682061,0
Harsh Acceleration,16.07.2018 06:24:54,0.235,m/s2,5,3D_Maninagar - R.T.O Circle_NORMAL,46,Vaikunth Dham Mandir,22.99911434,72.58184761,0
Idling,16.07.2018 06:24:56,180,Seconds,41,12D_Hatkeshwar - R.T.O Circle_NORMAL,278,Hatkeshwar,22.99192133,72.6324585,0
Harsh Braking,16.07.2018 06:24:56,0.333,m/s2,2,2D_Odhav Ring Road - Science City Approach_NORMAL,159,Ajit Mill Char Rasta,23.02004,72.63322233,0
Harsh Braking,16.07.2018 06:25:09,0.354,m/s2,6,3U_R.T.O Circle - Maninagar_NORMAL,11,Shastrinagar,23.0610717,72.55189414,0
Harsh Braking,16.07.2018 06:25:11,0.271,m/s2,6,3U_R.T.O Circle - Maninagar_NORMAL,11,Shastrinagar,23.06091139,72.55176583,0
Idling,16.07.2018 06:25:27,180,Seconds,228,201_R.T.O(Anti-Circular)_NORMAL,1,R.T.O Circle,23.06836299,72.58097287,0
Harsh Braking,16.07.2018 06:25:29,0.266,m/s2,156,5U_Vasna - Naroda Gam_NORMAL,71,Chandola Lake,22.98421785,72.58381073,0
Idling,16.07.2018 06:25:30,180,Seconds,180,1000D_Karnavati Club to Sardar Patel Airport_NORMAL,1046,Karnavati Club,23.02097,72.50535,0
Harsh Braking,16.07.2018 06:25:31,0.283,m/s2,156,5U_Vasna - Naroda Gam_NORMAL,71,Chandola Lake,22.98408668,72.58395622,0
Harsh Acceleration,16.07.2018 06:25:42,0.295,m/s2,38,6E_Narol - Odhav Talav_NORMAL,146,Grid Station,23.02214603,72.6492122,0
Harsh Braking,16.07.2018 06:25:46,0.27,m/s2,156,5U_Vasna - Naroda Gam_NORMAL,71,Chandola Lake,22.98323118,72.58498632,0
Idling,16.07.2018 06:25:52,180,Seconds,46,4U_Zundal Circle - Commerce Six Road_NORMAL,179,Sabarmati Police station,23.0841623,72.59252988,0
Harsh Acceleration,16.07.2018 06:26:04,0.381,m/s2,38,6E_Narol - Odhav Talav_NORMAL,146,Grid Station,23.02214603,72.6492122,0
Speeding,16.07.2018 06:26:06,60,km/h,64,8U_Iskcon - Naroda Gam_NORMAL,299,Vasundhara Society,23.0233982,72.55547274,0
Idling,16.07.2018 06:26:10,180,Seconds,229,101_R.T.O(Circular)_NORMAL,1,R.T.O Circle,23.06835303,72.58101492,0
Harsh Braking,16.07.2018 06:26:11,0.262,m/s2,153,1U_Ghuma Gam - Maninagar_NORMAL,269,Ghuma Gam,23.03168411,72.45804994,0
Harsh Braking,16.07.2018 06:26:17,0.381,m/s2,6,3U_R.T.O Circle - Maninagar_NORMAL,13,Jaimangal,23.05671272,72.54878107,0
Harsh Braking,16.07.2018 06:26:19,0.298,m/s2,6,3U_R.T.O Circle - Maninagar_NORMAL,13,Jaimangal,23.05654356,72.54867049,0
Idling,16.07.2018 06:26:23,180,Seconds,34,6E_Narol - Odhav Talav_NORMAL,77,Narol,22.97298,72.589567,0
Harsh Acceleration,16.07.2018 06:26:26,0.269,m/s2,18,11D_Odhav Ring Road - M J Library_NORMAL,227,Soma Textiles,23.02123961,72.62399169,0
Speeding,16.07.2018 06:26:29,63,km/h,157,4D_Commerce Six Road - Zundal Circle_NORMAL,14,Jaimangal,23.061462,72.55216675,0
Idling,16.07.2018 06:26:34,180,Seconds,231,1000U_Sardar Patel Airport to Karnavati Club_NORMAL,1001,Sardar Patel Airport-Domestic,23.07288,72.61991,0
Harsh Braking,16.07.2018 06:26:44,0.282,m/s2,157,4D_Commerce Six Road - Zundal Circle_NORMAL,12,Shastrinagar,23.06228085,72.55303578,0
Harsh Braking,16.07.2018 06:26:48,0.286,m/s2,6,3U_R.T.O Circle - Maninagar_NORMAL,13,Jaimangal,23.05375002,72.54706386,0
Harsh Braking,16.07.2018 06:26:52,0.269,m/s2,6,3U_R.T.O Circle - Maninagar_NORMAL,13,Jaimangal,23.05354844,72.54698406,0
Harsh Braking,16.07.2018 06:26:55,0.296,m/s2,145,101_R.T.O(Circular)_NORMAL,1,R.T.O Circle,23.06763831,72.5774534,0
Harsh Braking,16.07.2018 06:26:55,0.265,m/s2,156,5U_Vasna - Naroda Gam_NORMAL,73,BRTS Workshop,22.97900296,72.58592124,0
Harsh Braking,16.07.2018 06:26:56,0.301,m/s2,6,3U_R.T.O Circle - Maninagar_NORMAL,13,Jaimangal,23.05330801,72.54692294,0
Harsh Acceleration,16.07.2018 06:26:59,0.306,m/s2,55,6S_Odhav Talav - Narol_NORMAL,151,Chhotalal ni Chali,23.02323101,72.65697652,0
Harsh Braking,16.07.2018 06:26:59,0.28,m/s2,52,8D_Naroda Gam - Iskcon_NORMAL,261,Saijpur Towers,23.05818233,72.63699549,0
Harsh Braking,16.07.2018 06:27:00,0.29,m/s2,6,3U_R.T.O Circle - Maninagar_NORMAL,15,Sola Cross Road,23.05310115,72.54688633,0
Harsh Braking,16.07.2018 06:27:02,0.301,m/s2,6,3U_R.T.O Circle - Maninagar_NORMAL,15,Sola Cross Road,23.05297811,72.54686878,0
Harsh Braking,16.07.2018 06:27:20,0.332,m/s2,198,1000D_Karnavati Club to Sardar Patel Airport_NORMAL,1024,Vadaj Terminus,23.05612546,72.57160306,0
Idling,16.07.2018 06:27:22,180,Seconds,53,11D_Odhav Ring Road - M J Library_NORMAL,157,SP Ring Road Approach,23.02480769,72.66855986,0
Harsh Acceleration,16.07.2018 06:27:23,0.239,m/s2,52,8D_Naroda Gam - Iskcon_NORMAL,261,Saijpur Towers,23.05752774,72.63603825,0
Idling,16.07.2018 06:27:25,180,Seconds,223,1000D_Karnavati Club to Sardar Patel Airport_NORMAL,1046,Karnavati Club,23.02097,72.50535,0
Harsh Braking,16.07.2018 06:27:29,0.358,m/s2,6,3U_R.T.O Circle - Maninagar_NORMAL,15,Sola Cross Road,23.05228615,72.54676512,0
Harsh Braking,16.07.2018 06:27:36,0.307,m/s2,6,3U_R.T.O Circle - Maninagar_NORMAL,15,Sola Cross Road,23.0518993,72.54667901,0
Harsh Braking,16.07.2018 06:27:39,0.346,m/s2,198,1000D_Karnavati Club to Sardar Patel Airport_NORMAL,128,Juna Vadaj,23.05669083,72.57159,0
Speeding,16.07.2018 06:27:40,54,km/h,38,1D_Maninagar - Ghuma Gam_NORMAL,212,Jayantilal Park,23.02832404,72.49150441,0
Harsh Braking,16.07.2018 06:27:42,0.363,m/s2,6,3U_R.T.O Circle - Maninagar_NORMAL,15,Sola Cross Road,23.05146596,72.54651497,0
Harsh Braking,16.07.2018 06:27:44,0.269,m/s2,153,1U_Ghuma Gam - Maninagar_NORMAL,303,Bopal Gam,23.03392191,72.46382255,0
Harsh Braking,16.07.2018 06:27:44,0.3,m/s2,6,3U_R.T.O Circle - Maninagar_NORMAL,15,Sola Cross Road,23.05129057,72.5464338,0
Idling,16.07.2018 06:27:53,180,Seconds,53,9U_Sola Bhagwat - Maninagar_NORMAL,15,Sola Cross Road,23.05263766,72.54682061,0
Harsh Braking,16.07.2018 06:28:03,0.301,m/s2,6,3U_R.T.O Circle - Maninagar_NORMAL,17,Shree Valinath Chowk,23.04955182,72.54534396,0
Harsh Braking,16.07.2018 06:28:06,0.296,m/s2,156,5U_Vasna - Naroda Gam_NORMAL,75,Kashiram Textiles,22.97326122,72.58842308,0
Harsh Braking,16.07.2018 06:28:13,0.266,m/s2,156,5U_Vasna - Naroda Gam_NORMAL,77,Narol,22.97305232,72.58888684,0
Idling,16.07.2018 06:28:13,180,Seconds,87,3U_R.T.O Circle - Maninagar_NORMAL,1,R.T.O Circle,23.06832516,72.58109958,0
Harsh Braking,16.07.2018 06:28:17,0.336,m/s2,156,5U_Vasna - Naroda Gam_NORMAL,77,Narol,22.97296365,72.58922154,0
Harsh Braking,16.07.2018 06:28:22,0.354,m/s2,6,3U_R.T.O Circle - Maninagar_NORMAL,17,Shree Valinath Chowk,23.04904008,72.54493295,0
Harsh Acceleration,16.07.2018 06:28:25,0.249,m/s2,2,2D_Odhav Ring Road - Science City Approach_NORMAL,297,Narayana Hospital,23.0220502,72.62120182,0
Speeding,16.07.2018 06:28:25,56,km/h,64,8U_Iskcon - Naroda Gam_NORMAL,289,Law Garden,23.02367709,72.56928235,0
Idling,16.07.2018 06:28:27,180,Seconds,228,201_R.T.O(Anti-Circular)_NORMAL,1,R.T.O Circle,23.06837165,72.58093634,0
Harsh Braking,16.07.2018 06:28:30,0.359,m/s2,6,3U_R.T.O Circle - Maninagar_NORMAL,17,Shree Valinath Chowk,23.04871193,72.54468015,0
Idling,16.07.2018 06:28:30,180,Seconds,180,1000D_Karnavati Club to Sardar Patel Airport_NORMAL,1046,Karnavati Club,23.02097,72.50535,0
Harsh Braking,16.07.2018 06:28:33,0.312,m/s2,6,3U_R.T.O Circle - Maninagar_NORMAL,17,Shree Valinath Chowk,23.04852928,72.54453817,0
Harsh Braking,16.07.2018 06:28:41,0.358,m/s2,6,3U_R.T.O Circle - Maninagar_NORMAL,17,Shree Valinath Chowk,23.04793508,72.54407434,0
Idling,16.07.2018 06:28:43,180,Seconds,133,4U_Zundal Circle - Commerce Six Road_NORMAL,253,DCIS Circle,23.1292,72.584464,0
Idling,16.07.2018 06:28:52,180,Seconds,46,4U_Zundal Circle - Commerce Six Road_NORMAL,179,Sabarmati Police station,23.0841623,72.59252988,0
Speeding,16.07.2018 06:28:59,55,km/h,5,3D_Maninagar - R.T.O Circle_NORMAL,42,Khodiyarnagar,22.9985088,72.5608681,0
Harsh Braking,16.07.2018 06:29:03,0.263,m/s2,153,1U_Ghuma Gam - Maninagar_NORMAL,301,Sterling City,23.03258407,72.46872044,0
Idling,16.07.2018 06:29:10,180,Seconds,229,101_R.T.O(Circular)_NORMAL,1,R.T.O Circle,23.06835303,72.58101492,0
Idling,16.07.2018 06:29:23,180,Seconds,34,6E_Narol - Odhav Talav_NORMAL,77,Narol,22.97298,72.589567,0
Harsh Braking,16.07.2018 06:29:25,0.31,m/s2,6,3U_R.T.O Circle - Maninagar_NORMAL,19,Memnagar,23.04549956,72.5424197,0
Harsh Braking,16.07.2018 06:29:28,0.333,m/s2,6,3U_R.T.O Circle - Maninagar_NORMAL,19,Memnagar,23.0453855,72.54234343,0
Idling,16.07.2018 06:29:34,180,Seconds,231,1000U_Sardar Patel Airport to Karnavati Club_NORMAL,1001,Sardar Patel Airport-Domestic,23.07288,72.61991,0
Harsh Braking,16.07.2018 06:29:40,0.382,m/s2,6,3U_R.T.O Circle - Maninagar_NORMAL,19,Memnagar,23.04509413,72.5421486,0
Harsh Braking,16.07.2018 06:29:48,0.344,m/s2,6,3U_R.T.O Circle - Maninagar_NORMAL,19,Memnagar,23.04474395,72.54191445,0
Harsh Acceleration,16.07.2018 06:29:54,0.305,m/s2,184,2U_Science City Approach - Odhav Ring Road_NORMAL,203,Kalupur,23.02620876,72.60072328,0
Harsh Braking,16.07.2018 06:29:55,0.331,m/s2,6,3U_R.T.O Circle - Maninagar_NORMAL,19,Memnagar,23.04414896,72.54151676,0
Speeding,16.07.2018 06:29:56,64,km/h,10,8S_Chhipa Society - Iskcon_NORMAL,68,Danilimda Road,22.9955584,72.57933656,0
Harsh Braking,16.07.2018 06:29:59,0.34,m/s2,153,1U_Ghuma Gam - Maninagar_NORMAL,267,Bhavya Park,23.03113532,72.47210708,0
Harsh Braking,16.07.2018 06:30:02,0.333,m/s2,55,6S_Odhav Talav - Narol_NORMAL,145,Grid Station,23.02095829,72.64165029,0
Idling,16.07.2018 06:30:02,180,Seconds,238,12U_R.T.O Circle - Hatkeshwar_NORMAL,1,R.T.O Circle,23.068272,72.581231,0
Idling,16.07.2018 06:30:22,180,Seconds,53,11D_Odhav Ring Road - M J Library_NORMAL,157,SP Ring Road Approach,23.02480769,72.66855986,0
Harsh Braking,16.07.2018 06:30:23,0.282,m/s2,152,1S_Chhipa Society - Maninagar_NORMAL,53,Rambaug,22.99996026,72.60059902,0
Idling,16.07.2018 06:30:25,180,Seconds,223,1000D_Karnavati Club to Sardar Patel Airport_NORMAL,1046,Karnavati Club,23.02097,72.50535,0
Harsh Acceleration,16.07.2018 06:30:26,0.343,m/s2,155,5U_Vasna - Naroda Gam_NORMAL,96,Rabari Colony,23.005014,72.63706691,0
Harsh Braking,16.07.2018 06:30:35,0.279,m/s2,156,5U_Vasna - Naroda Gam_NORMAL,81,Isanpur,22.97606894,72.60186999,0
Harsh Braking,16.07.2018 06:30:38,0.326,m/s2,6,3U_R.T.O Circle - Maninagar_NORMAL,21,University,23.04000206,72.53872287,0
Harsh Braking,16.07.2018 06:30:39,0.373,m/s2,6,3U_R.T.O Circle - Maninagar_NORMAL,21,University,23.03988046,72.53866195,0
Harsh Braking,16.07.2018 06:30:49,0.281,m/s2,6,3U_R.T.O Circle - Maninagar_NORMAL,21,University,23.03962271,72.5385266,0